model_id,nn_family,topology,feature_tag,feature_transform,lr,h_dim_or_channels,layers,batch_size,epochs,scaler,loss,seeds,architecture,pooling,extra_settings,test_pcc,test_R2_paper,test_sklearn_R2,test_RMSE,test_RMSE_x1.36,test_MAE
ann_homology,ANN,homology,maxfil10_step01_bond0_homdim01,none,0.0001,,,32,100,MinMaxScaler,MSE,"42,1,2,3,4,5,6,7,8,9","MLP hidden=[2048,2048,1024,1024,512,64]",,10-seed prediction average,0.7695302193290324,0.5921767584605887,0.5843642301357057,0.6217343074549949,0.8455586581387932,0.4518832203186797
ann_facet,ANN,facet,maxfil10_step01_bond0_facetdim1,none,0.0002,,,32,100,MinMaxScaler,MSE,"42,1,2,3,4,5,6,7,8,9","MLP hidden=[2048,2048,1024,1024,512,64]",,10-seed prediction average,0.785937685653248,0.6176980457299835,0.6172684044888992,0.5966168741463325,0.8113989488390122,0.4377310670982649
ann_lap,ANN,lap,maxfil10_step01_bond0,none,0.0002,,,32,100,MinMaxScaler,MSE,"42,1,2,3,4,5,6,7,8,9","MLP hidden=[2048,2048,1024,1024,512,64]",,10-seed prediction average,0.7925818469611875,0.6281859841324072,0.6257975824533262,0.5899316120961395,0.8023069924507499,0.4285209468501782
ann_forman,ANN,forman,maxfil10_step01_bond0,none,0.0001,,,32,100,MinMaxScaler,MSE,"42,1,2,3,4,5,6,7,8,9","MLP hidden=[2048,2048,1024,1024,512,64]",,10-seed prediction average,0.7783990479363005,0.6059050778281391,0.602138581928422,0.6082950572066752,0.8272812778010783,0.4278182161723071
ann_curvature,ANN,curvature,maxfil10_step01_bond0_curvbi,none,0.0001,,,32,100,MinMaxScaler,MSE,"42,1,2,3,4,5,6,7,8,9","MLP hidden=[2048,2048,1024,1024,512,64]",,10-seed prediction average,0.7467601427034473,0.5576507107304729,0.5486702038684367,0.6478811992520267,0.8811184309827563,0.4741730590259176
cnn_homology,CNN,homology,maxfil10_step01_bond0_homdim01,none,0.0007,128.0,5.0,32,100,StandardScaler,MSE,"42,1,2,3,4,5,6,7,8,9","1D CNN h_channels=128, num_layers=5, kernel_size=3, pool=1",,10-seed prediction average,0.777631881170597,0.6047113426129215,0.5992252889869754,0.6105180793005429,0.8303045878487384,0.4485275845939492
cnn_facet,CNN,facet,maxfil10_step01_bond0_facetdim1,none,0.0006,128.0,5.0,32,100,StandardScaler,MSE,"42,1,2,3,4,5,6,7,8,9","1D CNN h_channels=128, num_layers=5, kernel_size=3, pool=1",,10-seed prediction average,0.8002349496303549,0.6403759746098967,0.6330963866727566,0.5841499835898957,0.7944439776822582,0.4289360084594824
cnn_lap,CNN,lap,maxfil10_step01_bond0,none,0.0001,128.0,5.0,32,100,StandardScaler,MSE,"42,1,2,3,4,5,6,7,8,9","1D CNN h_channels=128, num_layers=5, kernel_size=3, pool=1",,10-seed prediction average,0.8022989424770075,0.6436835930997246,0.6401602824984732,0.5784994135296029,0.78675920240026,0.4184774365904521
cnn_forman,CNN,forman,maxfil10_step01_bond0,none,0.0003,128.0,5.0,32,100,StandardScaler,MSE,"42,1,2,3,4,5,6,7,8,9","1D CNN h_channels=128, num_layers=5, kernel_size=3, pool=1",,10-seed prediction average,0.7640393210469013,0.5837560841058099,0.573037500483607,0.6301489842700899,0.8570026186073223,0.4421799126585163
cnn_curvature,CNN,curvature,maxfil10_step01_bond0,signedlog,0.0001,128.0,5.0,32,100,StandardScaler,MSE,"42,1,2,3,4,5,6,7,8,9","1D CNN h_channels=128, num_layers=5, kernel_size=3, pool=1",,10-seed prediction average,0.7448574810827925,0.5548126671250025,0.5503961783595757,0.6466411996312598,0.8794320314985133,0.4647801950795126
cop_homology,Copresheaf,homology,maxfil10_step01_bond0_homdim01,none,0.0002,128.0,3.0,32,100,MinMaxScaler,MSE,"42,1,2,3,4,5,6,7,8,9","CoPresheaf transformer, encoder_layers=3, heads=4, low_rank=8, pooling=cls_mean_max",cls_mean_max,"pre_norm, dropout=0.05, weight_decay=0.01, 10-seed prediction average",0.76670946283615,0.5878434004024977,0.5750461155963873,0.628664991042178,0.8549843878173621,0.4591882018505642
cop_facet,Copresheaf,facet,maxfil10_step01_bond0_facetdim1,none,0.0002,256.0,3.0,32,100,MinMaxScaler,MSE,"42,1,2,3,4,5,6,7,8,9","CoPresheaf transformer, encoder_layers=3, heads=4, low_rank=8, pooling=cls_mean_max",cls_mean_max,"pre_norm, dropout=0.05, weight_decay=0.01, 10-seed prediction average",0.7825954217859403,0.6124555942003138,0.6053685867507601,0.6058208288615131,0.8239163272516579,0.4415583901720651
cop_lap,Copresheaf,lap,maxfil10_step01_bond0,none,0.0001,256.0,3.0,32,100,MinMaxScaler,MSE,"42,1,2,3,4,5,6,7,8,9","CoPresheaf transformer, encoder_layers=3, heads=4, low_rank=8, pooling=cls_mean_max",cls_mean_max,"pre_norm, dropout=0.05, weight_decay=0.01, 10-seed prediction average",0.792655455232682,0.6283026707101304,0.620862770586772,0.5938087468389726,0.8075798957010027,0.4307446254972826
cop_forman,Copresheaf,forman,maxfil10_step01_bond0,none,0.0001,128.0,3.0,32,100,MinMaxScaler,MSE,"42,1,2,3,4,5,6,7,8,9","CoPresheaf transformer, encoder_layers=3, heads=4, low_rank=8, pooling=cls_mean_max",cls_mean_max,"pre_norm, dropout=0.05, weight_decay=0.01, 10-seed prediction average",0.7999944522630801,0.6399911236517055,0.6330485925550544,0.5841880290368643,0.7944957194901355,0.418826302978513
cop_curvature,Copresheaf,curvature,maxfil10_step01_bond0_curvbi,signedlog,5e-05,128.0,3.0,32,100,MinMaxScaler,MSE,"42,1,2,3,4,5,6,7,8,9","CoPresheaf transformer, encoder_layers=3, heads=4, low_rank=8, pooling=cls_mean_max",cls_mean_max,"pre_norm, dropout=0.05, weight_decay=0.01, 10-seed prediction average",0.7692766991476021,0.5917866398514303,0.581586691280798,0.6238082576280428,0.8483792303741383,0.4526538937761072
snn_homology,SNN,homology,maxfil10_step01_bond0_homdim01,none,0.0004,128.0,3.0,32,100,StandardScaler,MSE,"42,1,2,3,4,5,6,7,8,9","Pair-edge line graph SNN, GATv2Conv, h_dim=128, heads=4",flat_mean_max_sum,line graph connects element-pair nodes sharing an element; directed edges=360,0.7676012209890207,0.5892116344638354,0.572795100201567,0.6303278367662872,0.8572458580021507,0.4629425899219899
snn_facet,SNN,facet,maxfil10_step01_bond0_facetdim1,none,0.0009,128.0,3.0,32,100,StandardScaler,MSE,"42,1,2,3,4,5,6,7,8,9","Pair-edge line graph SNN, GATv2Conv, h_dim=128, heads=4",flat_mean_max_sum,line graph connects element-pair nodes sharing an element; directed edges=360,0.7743622232442512,0.5996368527877796,0.5802392407455821,0.6248119005775029,0.849744184785404,0.4643218873523668
snn_lap,SNN,lap,maxfil10_step01_bond0,none,0.0006,128.0,5.0,32,100,StandardScaler,MSE,"42,1,2,3,4,5,6,7,8,9","Pair-edge line graph SNN, GATv2Conv, h_dim=128, heads=4",flat_mean_max_sum,line graph connects element-pair nodes sharing an element; directed edges=360,0.7937041024325135,0.629966202218202,0.6219017697848839,0.5929945428611981,0.8064725782912295,0.4322812461096909
snn_forman,SNN,forman,maxfil10_step01_bond0,none,0.0008,128.0,3.0,32,100,StandardScaler,MSE,"42,1,2,3,4,5,6,7,8,9","Pair-edge line graph SNN, GATv2Conv, h_dim=128, heads=4",flat_mean_max_sum,line graph connects element-pair nodes sharing an element; directed edges=360,0.7604929752877378,0.5783495654619959,0.5716882064815707,0.6311439025084413,0.8583557074114803,0.4491921635452713
snn_curvature,SNN,curvature,maxfil10_step01_bond0,signedlog,0.0008,128.0,2.0,32,100,StandardScaler,MSE,"42,1,2,3,4,5,6,7,8,9","Pair-edge line graph SNN, GATv2Conv, h_dim=128, heads=4",flat,line graph connects element-pair nodes sharing an element; directed edges=360,0.7496392716134133,0.5619590375450888,0.5559622095111088,0.6426260713659774,0.8739714570577293,0.4613101627340844
