rank,scope,combo,n_models,r2,mae,rmse,n_ann,n_cnn,n_snn,n_cop,n_homology,n_facet,n_forman,n_lap
1,all_16_models,ann_homology+ann_facet+cnn_facet+snn_forman+cop_homology+cop_facet,6,0.8556169415264252,0.0426009396276278,0.0648593764415005,2,1,1,2,2,3,1,0
2,all_16_models,ann_homology+ann_facet+ann_forman+cnn_facet+cop_homology+cop_facet,6,0.8553768188133853,0.0428266885016861,0.0649132876816214,3,1,0,2,2,3,1,0
3,all_16_models,ann_homology+ann_facet+ann_forman+cnn_facet+snn_forman+cop_homology+cop_facet,7,0.8552766559340581,0.0427410099401227,0.0649357625586365,3,1,1,2,2,3,2,0
4,all_16_models,ann_homology+ann_facet+ann_forman+cop_homology+cop_facet,5,0.8551124190294037,0.0432385080884306,0.0649725977517474,3,0,0,2,2,2,1,0
5,all_16_models,ann_homology+ann_facet+snn_forman+cop_homology+cop_facet,5,0.8551101229759199,0.0432022147563233,0.0649731125645678,2,0,1,2,2,2,1,0
6,all_16_models,ann_homology+ann_facet+ann_forman+cnn_facet+snn_homology+snn_forman+cop_homology+cop_facet,8,0.8548619827161293,0.0428238409565903,0.0650287256563529,3,1,2,2,3,3,2,0
7,all_16_models,ann_homology+ann_facet+ann_forman+cnn_facet+snn_facet+snn_forman+cop_homology+cop_facet,8,0.8547804187217507,0.0428258992557288,0.0650469953617778,3,1,2,2,2,4,2,0
8,all_16_models,ann_homology+ann_facet+cnn_facet+snn_homology+snn_forman+cop_facet,6,0.8547645536164656,0.04275521082662,0.0650505484268559,2,1,2,1,2,3,1,0
9,all_16_models,ann_homology+ann_facet+ann_forman+cnn_facet+snn_homology+cop_homology+cop_facet,7,0.8547115411122497,0.0429701276312329,0.0650624194195501,3,1,1,2,3,3,1,0
10,all_16_models,ann_homology+ann_facet+cnn_facet+snn_forman+cop_facet,5,0.8546481459772755,0.0426487779030558,0.0650766125325279,2,1,1,1,1,3,1,0
11,all_16_models,ann_homology+ann_facet+ann_forman+snn_forman+cop_homology+cop_facet,6,0.8545999108654483,0.0431733358629614,0.0650874094959694,3,0,1,2,2,2,2,0
12,all_16_models,ann_homology+ann_facet+ann_forman+cnn_facet+snn_homology+cop_facet,6,0.8545625944055089,0.0429639875467641,0.0650957611961146,3,1,1,1,2,3,1,0
13,all_16_models,ann_homology+ann_facet+ann_forman+cnn_facet+snn_homology+snn_forman+cop_facet,7,0.8545450781834382,0.042833737099496,0.0650996810868556,3,1,2,1,2,3,2,0
14,all_16_models,ann_homology+ann_facet+ann_forman+cnn_facet+snn_facet+cop_homology+cop_facet,7,0.854494780910863,0.0429767030155101,0.0651109356162717,3,1,1,2,2,4,1,0
15,all_16_models,ann_homology+ann_facet+ann_forman+cnn_facet+snn_homology+snn_facet+snn_forman+cop_homology+cop_facet,9,0.8544098793487143,0.0429325162071814,0.0651299287974908,3,1,3,2,3,4,2,0
16,all_16_models,ann_homology+ann_facet+snn_forman+cop_facet,4,0.8543862554837813,0.0431828055073294,0.0651352126664235,2,0,1,1,1,2,1,0
17,all_16_models,ann_homology+ann_facet+cnn_facet+snn_homology+snn_forman+cop_homology+cop_facet,7,0.8543762932656398,0.0429530619747108,0.0651374407531377,2,1,2,2,3,3,1,0
18,all_16_models,ann_homology+ann_facet+cnn_facet+snn_facet+snn_forman+cop_homology+cop_facet,7,0.8543631640421494,0.0428111433881184,0.0651403770358395,2,1,2,2,2,4,1,0
19,all_16_models,ann_homology+ann_facet+ann_forman+snn_facet+snn_forman+cop_homology+cop_facet,7,0.854320132323211,0.0431772541203926,0.0651499999287986,3,0,2,2,2,3,2,0
20,all_16_models,ann_homology+ann_facet+ann_forman+snn_facet+cop_homology+cop_facet,6,0.8542552222182016,0.0433285241732355,0.0651645126492092,3,0,1,2,2,3,1,0
21,all_16_models,ann_homology+ann_facet+cnn_facet+snn_forman+cop_homology,5,0.8542060130457935,0.0425716466170537,0.065175512772699,2,1,1,1,2,2,1,0
22,all_16_models,ann_facet+ann_forman+cnn_facet+snn_homology+cop_homology+cop_facet,6,0.8541346336657589,0.0431132293206441,0.0651914654828029,2,1,1,2,2,3,1,0
23,all_16_models,ann_facet+ann_forman+cnn_facet+cop_homology+cop_facet,5,0.8540376321110463,0.0431096021223951,0.0652131382852359,2,1,0,2,1,3,1,0
24,all_16_models,ann_homology+ann_facet+ann_forman+cnn_facet+snn_homology+snn_facet+snn_forman+cop_facet,8,0.8540157601655867,0.0429330896404635,0.0652180240814706,3,1,3,1,2,4,2,0
25,all_16_models,ann_facet+cnn_facet+snn_forman+cop_homology+cop_facet,5,0.8540155664278857,0.0429650614978509,0.0652180673573266,1,1,1,2,1,3,1,0
26,all_16_models,ann_homology+ann_facet+ann_forman+cnn_facet+snn_homology+snn_facet+cop_homology+cop_facet,8,0.8540029301794998,0.043070854695394,0.0652208898975298,3,1,2,2,3,4,1,0
27,all_16_models,ann_facet+ann_forman+cnn_facet+snn_homology+snn_forman+cop_homology+cop_facet,7,0.8540000346434949,0.0430416303448974,0.0652215366519436,2,1,2,2,2,3,2,0
28,all_16_models,ann_homology+ann_facet+ann_forman+snn_homology+cop_facet,5,0.8538969749177526,0.0434146605025374,0.0652445521639215,3,0,1,1,2,2,1,0
29,all_16_models,ann_homology+ann_facet+cnn_homology+cnn_facet+snn_forman+cop_homology+cop_facet,7,0.8538598213048062,0.0428671020484342,0.0652528473951376,2,2,1,2,3,3,1,0
30,all_16_models,ann_homology+ann_facet+cnn_facet+snn_facet+snn_forman+cop_homology,6,0.8538565126524992,0.042624576805163,0.0652535860618205,2,1,2,1,2,3,1,0
31,all_16_models,ann_homology+ann_facet+ann_forman+snn_homology+snn_forman+cop_homology+cop_facet,7,0.8538510168380059,0.0433693356724858,0.0652548130006293,3,0,2,2,3,2,2,0
32,all_16_models,ann_homology+ann_facet+ann_lap+cnn_facet+snn_forman+cop_homology+cop_facet,7,0.85384537584775,0.0428610453073509,0.0652560723258891,3,1,1,2,2,3,1,1
33,all_16_models,ann_homology+ann_facet+snn_homology+snn_forman+cop_facet,5,0.8538397300902095,0.0434254573669001,0.0652573326910904,2,0,2,1,2,2,1,0
34,all_16_models,ann_homology+ann_facet+snn_facet+snn_forman+cop_homology+cop_facet,6,0.853834355621928,0.043312483407252,0.0652585324707598,2,0,2,2,2,3,1,0
35,all_16_models,ann_homology+ann_facet+cnn_facet+cop_homology+cop_facet,5,0.8538021218444485,0.0431535932041167,0.0652657277766872,2,1,0,2,2,3,0,0
36,all_16_models,ann_facet+ann_forman+cop_homology+cop_facet,4,0.8537933173845753,0.0435904721869246,0.0652676929927264,2,0,0,2,1,2,1,0
37,all_16_models,ann_homology+ann_facet+ann_forman+cnn_homology+cnn_facet+snn_facet+snn_forman+cop_homology+cop_facet,9,0.8537874610204932,0.0429126347903503,0.0652690001407261,3,2,2,2,3,4,2,0
38,all_16_models,ann_homology+ann_facet+ann_forman+cnn_homology+cnn_facet+snn_forman+cop_homology+cop_facet,8,0.8537856756411096,0.0428613714045948,0.0652693986344952,3,2,1,2,3,3,2,0
39,all_16_models,ann_homology+ann_facet+ann_forman+snn_homology+cop_homology+cop_facet,6,0.8537667534787794,0.0435733220178713,0.0652736218807688,3,0,1,2,3,2,1,0
40,all_16_models,ann_facet+ann_forman+cnn_facet+snn_forman+cop_homology+cop_facet,6,0.8536884789715926,0.0430931898948625,0.0652910891024127,2,1,1,2,1,3,2,0
41,all_16_models,ann_homology+ann_facet+ann_forman+ann_lap+cnn_facet+snn_facet+snn_forman+cop_homology+cop_facet,9,0.8536772882841259,0.042932395414825,0.0652935859604757,4,1,2,2,2,4,2,1
42,all_16_models,ann_homology+ann_facet+ann_forman+snn_homology+snn_facet+snn_forman+cop_homology+cop_facet,8,0.8536473865666527,0.0433783576938143,0.0653002571416017,3,0,3,2,3,3,2,0
43,all_16_models,ann_homology+ann_facet+ann_forman+cnn_facet+snn_homology+snn_facet+cop_facet,7,0.8536294161309521,0.0430828332102205,0.0653042660828313,3,1,2,1,2,4,1,0
44,all_16_models,ann_homology+ann_facet+ann_forman+cnn_facet+snn_facet+snn_forman+cop_homology,7,0.8536176701207041,0.0428531827880741,0.0653068863128326,3,1,2,1,2,3,2,0
45,all_16_models,ann_homology+ann_forman+cnn_facet+cop_homology+cop_facet,5,0.8535905782975476,0.0431322492150767,0.0653129293945389,2,1,0,2,2,2,1,0
46,all_16_models,ann_homology+ann_facet+ann_forman+snn_homology+snn_forman+cop_facet,6,0.853574314227474,0.0432600315522264,0.0653165569772081,3,0,2,1,2,2,2,0
47,all_16_models,ann_homology+ann_facet+ann_lap+cnn_facet+snn_facet+snn_forman+cop_homology+cop_facet,8,0.8535335476814925,0.0429296081206719,0.0653256487738477,3,1,2,2,2,4,1,1
48,all_16_models,ann_homology+ann_facet+ann_forman+cnn_facet+snn_forman+cop_facet,6,0.853527950712534,0.0430498856608165,0.0653268969167832,3,1,1,1,1,3,2,0
49,all_16_models,ann_homology+ann_facet+cnn_facet+snn_homology+snn_facet+snn_forman+cop_homology+cop_facet,8,0.8535104153598969,0.0431379884132864,0.0653308072051166,2,1,3,2,3,4,1,0
50,all_16_models,ann_homology+ann_facet+ann_forman+ann_lap+cnn_facet+snn_forman+cop_homology+cop_facet,8,0.8535051633180916,0.0429717931119438,0.0653319783363478,4,1,1,2,2,3,2,1
